Cambodia,Phnom_Penh
Cambodia,Siem_Reap
Cambodia,Battambang
Cambodia,Kampong_Cham
Cambodia,Prey_Veng
Cambodia,Kratie
Cambodia,Pursat
Cambodia,Takeo
Cambodia,Sisophon
Cambodia,Kampong_Chhnang
Cambodia,Kampot
Cambodia,Krong_Kep
Cambodia,Kampong_Speu
Cambodia,Koh_Kong
Cambodia,Kampong_Thom
Cambodia,Stung_Treng
Cambodia,Tbeng_Meanchey
Cambodia,Svay_Rieng
Cambodia,Lumphat
Cambodia,Sen_Monorom
Cambodia,Mean_Chey
Cambodia,Ta_Khmau
Cambodia,Mittakpheap
Cambodia,Dangkao
Cambodia,Smach_Meanchey
Cambodia,Ponhea_Lueu
Cambodia,Stueng_Saen
Cambodia,Banlung
Cambodia,Sihanoukville
Cambodia,Suong
Cambodia,Samraong
Cambodia,Pailin
Cambodia,Ou_Chrov
Cambodia,Baribour
Cambodia,S’ang
Cambodia,Stoung
Cambodia,Kandal_Stueng
Cambodia,Koah_Thum
Cambodia,Prey_Nob
Cambodia,Prey_Chhor
Cambodia,Pal_Hal
Cambodia,Cheung_Prey
Cambodia,Soutr_Nikom
Cambodia,Kampong_Trach
Cambodia,Sampov_Lun
Cambodia,Mongkol_Borei
Cambodia,Mukh_Kampul
Cambodia,Kang_Meas
Cambodia,Phnum_Proek
Cambodia,Kiri_Vongs
Cambodia,Tram_Kak
Cambodia,Sangkae
Cambodia,Bavel
Cambodia,Peam_Ro
Cambodia,Kampong_Leav
Cambodia,Bakong
Cambodia,Kralanh
Cambodia,Phnum_Kravanh
Cambodia,Moung_Ruessei
Cambodia,Basedth
Cambodia,Chi_Kraeng
Cambodia,Chhloung
Cambodia,Kampot
Cambodia,Prey_Veaeng
Cambodia,Preah_Sdach
Cambodia,Kampong_Trabaek
Cambodia,Odongk
Cambodia,Banteay_Meas
Cambodia,Chum_Kiri
Cambodia,Puok
Cambodia,Chhuk
Cambodia,Chamkar_Leu
Cambodia,Srae_Ambel
Cambodia,Rumduol
Cambodia,Me_Sang
Cambodia,Krouch_Chhmar
Cambodia,Peam_Chor
Cambodia,Sala_Krau
Cambodia,Chantrea
Cambodia,Bakan
Cambodia,Kampong_Leaeng
Cambodia,Stueng_Trang
Cambodia,Bat_Dambang
Cambodia,Damnak_Chang’aeur
Cambodia,Banan
Cambodia,Svay_Teab
Cambodia,Phnum_Sruoch
Cambodia,Preah_Netr_Preah
Cambodia,Batheay
Cambodia,Angkor_Chum
Cambodia,Leuk_Daek
Cambodia,Aek_Phnum
Cambodia,Koas_Krala
Cambodia,Trapeang_Prasat
Cambodia,Anlong_Veaeng
Cambodia,Bar_Kaev
Cambodia,Angkor_Thum
Cambodia,Sithor_Kandal
Cambodia,Ta_Loas
Cambodia,Srei_Snam
Cambodia,Thma_Puok
Cambodia,Baray
Cambodia,Thpong
Cambodia,Preaek_Prasab
Cambodia,Rovieng
Cambodia,Svay_Chek
Cambodia,Phnum_Srok
Cambodia,Samlout
Cambodia,Varin
Cambodia,Ou_Chum
Cambodia,Aoral
Cambodia,Sangkom_Thmei
Cambodia,Ou_Ya_Dav
Cambodia,Sandan
Cambodia,Koun_Mom
Cambodia,Andoung_Meas
Cambodia,Kaev_Seima
Cambodia,Sesan
Cambodia,Kampong_Seila
Cambodia,Pechreada
Cambodia,Botum_Sakor
Cambodia,Veun_Sai
Cambodia,Kuleaen
Cambodia,Mondul_Seima
Cambodia,Bak_Khlang
Cambodia,Veal_Veaeng
Cambodia,Siem_Pang
Cambodia,Thma_Bang